temp,ID,spar,EPOC_full,end_EPOC_min,SMR,SMR_intergral_full,SMR_threshold,EPOC_1hr,MO2_1hr,EPOC_2hr,MO2_2hr,EPOC_3hr,MO2_3hr,EPOC_4hr,MO2_4hr,EPOC_5hr,MO2_5hr,end_EPOC_mmr,EPOC_mmr,MO2_mmr,MMR
21,N18,0.1,132.967,176,0.852,149.952,0.852,80.671,1.47,105.672,1.44,133.295,0.925,153.405,1.055,192.247,2.229,21,20.785,2.18,4.503234524
21,N18,0.2,496.977,869,0.852,740.388,0.852,82.033,1.408,107.364,1.429,134.579,0.992,154.03,1.082,193.6,2.193,22,21.718,2.218,4.503234524
21,N18,0.3,498.671,867,0.852,738.684,0.852,86.223,1.322,111.091,1.389,137.588,1.101,155.604,1.132,197.139,2.11,26,23.493,2.198,4.503234524
21,N18,0.4,501.548,864,0.852,736.128,0.852,93.54,1.411,117.321,1.283,141.306,1.16,159.634,1.217,203.809,2.007,31,24.471,2.215,4.503234524
21,N18,0.5,504.778,857,0.852,730.164,0.852,99.162,1.688,128.049,1.175,145.659,1.136,167.382,1.345,213.46,1.884,37,22.653,2.227,4.503234524
21,N18,0.6,506.377,844,0.852,719.088,0.852,96.193,1.905,136.945,1.284,157.402,1.17,181.941,1.387,224.942,1.729,40,16.096,2.238,4.503234524
21,N18,0.7,504.998,824,0.852,702.048,0.852,84.602,1.972,137.429,1.55,172.912,1.383,205.278,1.426,243.95,1.563,31,4.994,2.246,4.503234524
21,N18,0.8,499.379,814,0.852,693.528,0.852,72.601,1.939,131.009,1.731,179.319,1.601,222.248,1.546,263.5,1.537,0,0,0,4.503234524
21,N18,0.9,494.549,862,0.852,734.424,0.852,66.513,1.902,125.977,1.791,179.295,1.697,227.569,1.621,271.733,1.558,0,0,0,4.503234524
21,N18,1,605.966,1380,0.852,1175.76,0.852,61.646,1.84,118.452,1.761,170.608,1.685,218.362,1.614,261.954,1.546,0,0,0,4.503234524
21,L4,0.1,479.232,608,0.66,401.28,0.66,97.538,1.771,153.147,1.562,210.696,1.923,286.207,1.871,352.762,1.624,40,25.577,1.872,3.754457737
21,L4,0.2,479.834,605,0.66,399.3,0.66,98.359,1.737,153.817,1.542,211.661,1.896,287.081,1.869,353.528,1.63,40,26.94,1.874,3.754457737
21,L4,0.3,481.365,599,0.66,395.34,0.66,101.013,1.693,155.36,1.523,213.957,1.853,288.976,1.875,355.354,1.64,43,29.86,1.873,3.754457737
21,L4,0.4,483.647,597,0.66,394.02,0.66,105.295,1.732,158.505,1.511,217.645,1.816,291.411,1.88,358.001,1.642,50,33.153,1.865,3.754457737
21,L4,0.5,486.855,596,0.66,393.36,0.66,107.614,1.886,165.883,1.536,224.042,1.753,294.244,1.847,360.405,1.653,60,34.58,1.872,3.754457737
21,L4,0.6,491.859,610,0.66,402.6,0.66,105.291,2.057,175.377,1.691,236.342,1.697,300.453,1.739,362.544,1.629,80,33.834,1.874,3.754457737
21,L4,0.7,498.894,664,0.66,438.24,0.66,100.284,2.145,180.205,1.874,248.437,1.742,310.744,1.657,367.105,1.537,118,34.144,1.877,3.754457737
21,L4,0.8,504.608,697,0.66,460.02,0.66,96.795,2.162,180.348,1.957,252.727,1.787,315.553,1.634,369.216,1.479,146,35.247,1.876,3.754457737
21,L4,0.9,510.969,741,0.66,489.06,0.66,92.961,2.122,175.217,1.947,247.241,1.781,309.494,1.621,362.29,1.465,144,29.945,1.877,3.754457737
21,L4,1,526.615,849,0.66,560.34,0.66,83.951,1.993,159.709,1.857,227.398,1.724,287.182,1.594,339.246,1.467,110,13.752,1.877,3.754457737
21,N14,0.1,669.604,698,0.696,485.808,0.696,111.689,1.927,158.003,1.41,203.119,1.704,278.877,2.231,352.795,2.056,16,20.323,2.788,5.643304044
21,N14,0.2,731.435,856,0.696,595.776,0.696,113.721,1.826,160.078,1.377,205.303,1.69,281.086,2.18,355.463,2.029,18,21.36,2.764,5.643304044
21,N14,0.3,734.497,853,0.696,593.688,0.696,120.141,1.658,164.612,1.351,210.242,1.682,285.405,2.099,361.209,1.993,22,23.579,2.795,5.643304044
21,N14,0.4,740.507,848,0.696,590.208,0.696,130.42,1.684,171.631,1.311,217.924,1.689,290.989,2.035,368.357,1.977,28,25.18,2.782,5.643304044
21,N14,0.5,747.489,855,0.696,595.08,0.696,137.234,1.96,185.438,1.31,229.812,1.627,297.807,1.964,375.741,2.014,33,23.044,2.788,5.643304044
21,N14,0.6,754.173,873,0.696,607.608,0.696,134.805,2.263,202.355,1.553,251.785,1.572,312.437,1.833,386.598,2.006,34,15.148,2.818,5.643304044
21,N14,0.7,760.226,891,0.696,620.136,0.696,123.74,2.407,209.541,1.918,276.36,1.755,340.57,1.794,408.991,1.873,25,3.967,2.816,5.643304044
21,N14,0.8,763.736,904,0.696,629.184,0.696,112.622,2.416,207.123,2.15,288.645,1.98,362.425,1.883,431.588,1.818,0,0,0,5.643304044
21,N14,0.9,766.191,964,0.696,670.944,0.696,106.847,2.389,203.067,2.219,289.778,2.071,368.199,1.941,439.178,1.822,0,0,0,5.643304044
21,N14,1,785.122,1052,0.696,732.192,0.696,101.334,2.319,194.586,2.186,279.989,2.058,357.827,1.934,428.337,1.813,0,0,0,5.643304044
21,L3,0.1,481.115,466,1.296,603.936,1.296,72.574,2.119,132.806,2.503,193.723,2.398,266.228,2.496,334.812,2.328,19,16.949,2.293,4.662231239
21,L3,0.2,483.287,470,1.296,609.12,1.296,74.432,2.093,134.543,2.473,195.557,2.371,267.954,2.515,336.573,2.342,24,19.495,2.306,4.662231239
21,L3,0.3,522.079,611,1.296,791.856,1.296,79.455,2.041,137.628,2.419,199.484,2.357,271.246,2.529,340.087,2.373,31,23.82,2.32,4.662231239
21,L3,0.4,603.752,821,1.296,1064.016,1.296,88.249,2.132,142.631,2.319,205.405,2.387,276.017,2.506,345.744,2.424,42,28.379,2.329,4.662231239
21,L3,0.5,608.492,834,1.296,1080.864,1.296,95.711,2.373,152.544,2.233,212.788,2.376,281.886,2.489,353.22,2.474,64,33.656,2.327,4.662231239
21,L3,0.6,612.747,874,1.296,1132.704,1.296,97.126,2.59,164.094,2.316,225.291,2.346,291.522,2.444,361.088,2.446,111,39.964,2.33,4.662231239
21,L3,0.7,647.111,1215,1.296,1574.64,1.296,94.253,2.704,171.375,2.491,240.029,2.409,305.866,2.38,369.275,2.318,290,58.813,2.331,4.662231239
21,L3,0.8,647.914,1191,1.296,1543.536,1.296,92.118,2.741,173.705,2.582,246.824,2.456,312.986,2.346,372.468,2.23,247,64.604,2.331,4.662231239
21,L3,0.9,648.925,1140,1.296,1477.44,1.296,89.778,2.723,171.079,2.585,244.356,2.455,310.014,2.33,368.274,2.208,239,61.588,2.33,4.662231239
21,L3,1,661.2,1092,1.296,1415.232,1.296,84.31,2.647,161.884,2.535,232.837,2.426,297.297,2.319,355.397,2.214,232,48.926,2.331,4.662231239
21,N19,0.1,498.817,729,0.684,498.636,0.684,100.972,1.877,174.421,1.823,231.009,1.759,281.227,1.452,323.998,1.493,17,18.653,2.422,4.852340556
21,N19,0.2,501.07,770,0.684,526.68,0.684,102.712,1.837,175.743,1.807,232.589,1.702,282.761,1.431,325.894,1.483,19,19.825,2.426,4.852340556
21,N19,0.3,504.783,762,0.684,521.208,0.684,108.733,1.769,178.768,1.795,236.584,1.63,286.415,1.419,330.195,1.463,24,22.108,2.422,4.852340556
21,N19,0.4,510.608,731,0.684,500.004,0.684,118.985,1.853,184.195,1.736,242.472,1.598,292.034,1.438,336.549,1.433,32,24.438,2.423,4.852340556
21,N19,0.5,517.641,736,0.684,503.424,0.684,126.428,2.106,194.355,1.66,249.118,1.555,298.505,1.464,343.394,1.401,43,25.107,2.404,4.852340556
21,N19,0.6,523.755,768,0.684,525.312,0.684,126.356,2.318,204.537,1.75,260.21,1.52,307.108,1.425,349.323,1.349,52,22.357,2.416,4.852340556
21,N19,0.7,528.624,809,0.684,553.356,0.684,120.062,2.39,206.768,1.913,270.051,1.6,318.713,1.412,358.506,1.294,56,15.636,2.419,4.852340556
21,N19,0.8,531.391,845,0.684,577.98,0.684,110.109,2.34,198.812,2.005,269.188,1.729,324.883,1.513,369.33,1.35,45,6.285,2.425,4.852340556
21,N19,0.9,537.602,857,0.684,586.188,0.684,99.023,2.223,184.445,2.002,257.087,1.798,318.096,1.614,368.776,1.452,7,0.074,2.423,4.852340556
21,N19,1,556.956,917,0.684,627.228,0.684,86.913,2.061,164.972,1.915,234.379,1.773,295.454,1.637,348.606,1.508,0,0,0,4.852340556
21,N15,0.1,439.09,547,0.876,479.172,0.876,102.608,2.466,178.624,2.021,237.628,1.914,287.965,1.557,324.342,1.55,27,23.514,2.165,4.375164601
21,N15,0.2,451.705,638,0.876,558.888,0.876,104.189,2.365,179.83,1.983,238.911,1.886,289.187,1.547,325.934,1.541,31,25.026,2.174,4.375164601
21,N15,0.3,459.084,720,0.876,630.72,0.876,108.963,2.222,182.571,1.963,242.072,1.85,292,1.548,329.285,1.523,77,30.773,2.181,4.375164601
21,N15,0.4,462.542,720,0.876,630.72,0.876,116.187,2.218,186.677,1.945,246.432,1.817,295.64,1.569,333.893,1.51,64,37.522,2.181,4.375164601
21,N15,0.5,472.076,840,0.876,735.84,0.876,120.997,2.365,193.769,1.918,251.058,1.763,299.11,1.594,339.217,1.523,76,43.485,2.179,4.375164601
21,N15,0.6,474.676,819,0.876,717.444,0.876,120.622,2.501,200.471,1.985,258.168,1.729,304.709,1.591,345.326,1.526,91,46.321,2.185,4.375164601
21,N15,0.7,478.076,777,0.876,680.652,0.876,115.269,2.541,201.113,2.109,265.148,1.809,314.719,1.617,355.263,1.499,107,44.304,2.184,4.375164601
21,N15,0.8,482.939,764,0.876,669.264,0.876,107.216,2.498,194.615,2.184,264.604,1.918,320.165,1.702,364.202,1.531,119,37.231,2.184,4.375164601
21,N15,0.9,493.852,759,0.876,664.884,0.876,97.491,2.391,181.475,2.17,252.616,1.963,311.885,1.774,360.425,1.605,115,24.147,2.184,4.375164601
21,N15,1,514.342,840,0.876,735.84,0.876,84.982,2.22,160.967,2.071,228.132,1.926,286.766,1.786,337.257,1.654,72,6.461,2.187,4.375164601
11,IV11,0.1,45.661,88,0.384,33.792,0.384,43.718,0.468,46.349,0.463,59.922,0.968,104.481,0.691,112.25,0.467,20,12.677,1.328,2.692003675
11,IV11,0.2,46.624,80,0.384,30.72,0.384,45.769,0.444,47.313,0.438,61.498,0.986,104.425,0.741,112.723,0.46,21,13.005,1.334,2.692003675
11,IV11,0.3,51.161,66,0.384,25.344,0.384,50.895,0.462,50.012,0.41,65.729,0.968,104.662,0.804,115.241,0.449,24,13.476,1.325,2.692003675
11,IV11,0.4,58.759,80,0.384,30.72,0.384,56.644,0.616,58.462,0.415,73.745,0.874,106.185,0.819,120.659,0.488,28,12.713,1.319,2.692003675
11,IV11,0.5,132.752,366,0.384,140.544,0.384,58.953,0.883,74.739,0.553,89.199,0.721,111.754,0.736,127.171,0.549,30,8.963,1.34,2.692003675
11,IV11,0.6,140.198,386,0.384,148.224,0.384,56.694,1.071,86.824,0.761,106.081,0.675,122.109,0.62,133.454,0.527,28,3.771,1.341,2.692003675
11,IV11,0.7,145.432,383,0.384,147.072,0.384,51.818,1.11,87.908,0.882,112.673,0.726,129.437,0.608,139.669,0.508,10,0.254,1.346,2.692003675
11,IV11,0.8,152.291,441,0.384,169.344,0.384,44.958,1.053,80.281,0.901,107.101,0.769,126.587,0.655,139.75,0.558,0,0,0,2.692003675
11,IV11,0.9,163.73,596,0.384,228.864,0.384,36.457,0.947,67.413,0.857,93.15,0.773,114.021,0.695,130.421,0.624,0,0,0,2.692003675
11,IV11,1,176.238,761,0.384,292.224,0.384,28.994,0.843,54.976,0.793,78.011,0.745,98.187,0.698,115.617,0.653,0,0,0,2.692003675
11,IV13,0.1,363.447,526,0.276,145.176,0.276,102.574,2.023,171.644,0.607,221.23,1.578,256.718,0.597,273.086,0.544,106,89.126,0.987,1.978499984
11,IV13,0.2,363.487,530,0.276,146.28,0.276,103.122,2.004,171.194,0.704,220.306,1.481,257.288,0.581,273.168,0.538,107,87.851,0.972,1.978499984
11,IV13,0.3,364.182,548,0.276,151.248,0.276,102.991,1.911,170.461,0.911,219.03,1.283,257.5,0.615,272.965,0.533,113,85.232,0.979,1.978499984
11,IV13,0.4,363.657,562,0.276,155.112,0.276,99.815,1.774,169.035,1.131,218.076,1.086,254.434,0.677,272.763,0.57,196,90.489,0.989,1.978499984
11,IV13,0.5,365.148,588,0.276,162.288,0.276,97.081,1.698,167.835,1.242,217.342,0.987,251.536,0.723,274.63,0.645,179,88.961,0.987,1.978499984
11,IV13,0.6,364.671,593,0.276,163.668,0.276,94.519,1.662,165.597,1.281,216.609,0.996,252.85,0.787,280.056,0.695,181,88.225,0.988,1.978499984
11,IV13,0.7,366.139,646,0.276,178.296,0.276,89.537,1.619,160.768,1.322,215.503,1.071,256.743,0.872,287.956,0.735,202,87.947,0.988,1.978499984
11,IV13,0.8,544.028,1387,0.276,382.812,0.276,81.988,1.535,150.779,1.319,207.05,1.119,252.008,0.942,287.223,0.794,222,81.281,0.989,1.978499984
11,IV13,0.9,547.589,1387,0.276,382.812,0.276,70.388,1.381,132.338,1.241,186.071,1.107,232.014,0.982,270.779,0.868,236,60.856,0.988,1.978499984
11,IV13,1,553.911,1387,0.276,382.812,0.276,57.685,1.2,110.723,1.123,159.176,1.047,203.166,0.974,242.878,0.905,227,32.097,0.988,1.978499984
11,MM02,0.1,103.441,456,0.336,153.216,0.336,39.536,0.472,43.73,0.386,53.892,0.58,68.05,0.578,79.321,0.451,23,11.463,1.053,2.14126273
11,MM02,0.2,137.321,765,0.336,257.04,0.336,40.799,0.461,44.491,0.395,54.502,0.577,68.81,0.575,79.982,0.461,24,11.755,1.057,2.14126273
11,MM02,0.3,45.622,85,0.336,28.56,0.336,44.035,0.475,46.729,0.397,56.313,0.568,70.725,0.568,81.925,0.485,27,12.277,1.053,2.14126273
11,MM02,0.4,52.038,100,0.336,33.6,0.336,48.173,0.589,52.595,0.375,60.069,0.537,73.686,0.563,85.623,0.513,31,12.121,1.065,2.14126273
11,MM02,0.5,173.619,983,0.336,330.288,0.336,49.831,0.766,62.314,0.429,68.276,0.467,78.401,0.529,90.167,0.529,36,9.9,1.057,2.14126273
11,MM02,0.6,176.73,996,0.336,334.656,0.336,46.948,0.883,69.049,0.577,79.694,0.479,87.933,0.475,96.663,0.487,35,5.391,1.07,2.14126273
11,MM02,0.7,178.234,1003,0.336,337.008,0.336,41.076,0.898,68.189,0.697,85.59,0.571,97.348,0.503,106.216,0.47,19,0.75,1.068,2.14126273
11,MM02,0.8,178.514,1009,0.336,339.024,0.336,34.489,0.85,61.691,0.736,82.725,0.644,98.903,0.573,111.434,0.521,0,0,0,2.14126273
11,MM02,0.9,180.191,958,0.336,321.888,0.336,28.688,0.783,53.629,0.723,75.086,0.667,93.403,0.618,108.951,0.575,0,0,0,2.14126273
11,MM02,1,187.138,950,0.336,319.2,0.336,24.527,0.728,46.948,0.693,67.318,0.659,85.718,0.627,102.239,0.597,0,0,0,2.14126273
11,IV10,0.1,537.049,732,0.228,166.896,0.228,74.459,0.727,104.391,0.604,135.227,0.972,192.888,1.388,267.719,1.522,21,16.417,1.649,3.406361638
11,IV10,0.2,537.844,731,0.228,166.668,0.228,77.181,0.709,105.551,0.624,136.629,0.963,194.292,1.383,269.12,1.517,22,16.84,1.661,3.406361638
11,IV10,0.3,565.314,841,0.228,191.748,0.228,84.071,0.735,108.899,0.627,140.722,0.954,198.148,1.377,272.852,1.509,25,17.671,1.675,3.406361638
11,IV10,0.4,572.274,854,0.228,194.712,0.228,92.085,0.917,117.456,0.584,148.184,0.942,204.822,1.36,278.613,1.493,30,17.506,1.674,3.406361638
11,IV10,0.5,579.449,857,0.228,195.396,0.228,94.295,1.182,131.781,0.691,163.748,0.897,215.975,1.275,285.44,1.442,33,13.572,1.696,3.406361638
11,IV10,0.6,586.32,848,0.228,193.344,0.228,88.436,1.371,143.173,0.991,187.194,0.984,237.662,1.158,298.109,1.288,30,5.416,1.692,3.406361638
11,IV10,0.7,591.341,832,0.228,189.696,0.228,80.389,1.433,146.057,1.238,203.742,1.161,259.508,1.16,315.749,1.166,3,0.015,1.701,3.406361638
11,IV10,0.8,596.079,854,0.228,194.712,0.228,76.755,1.446,146.318,1.337,210.154,1.254,269.65,1.189,325.412,1.127,0,0,0,3.406361638
11,IV10,0.9,603.276,889,0.228,202.692,0.228,75.694,1.444,145.848,1.354,210.75,1.269,270.678,1.188,325.761,1.107,0,0,0,3.406361638
11,IV10,1,610.761,905,0.228,206.34,0.228,74.119,1.424,143.319,1.342,207.655,1.261,267.186,1.182,321.945,1.102,0,0,0,3.406361638
11,IV12,0.1,336.617,744,0.132,98.208,0.132,72.213,0.799,110.079,0.655,135.546,0.495,158.206,0.523,183.403,0.62,20,14.195,1.497,2.995652715
11,IV12,0.2,337.407,748,0.132,98.736,0.132,74.664,0.766,111.361,0.661,136.915,0.497,159.502,0.521,184.929,0.633,22,14.648,1.462,2.995652715
11,IV12,0.3,399.158,998,0.132,131.736,0.132,80.916,0.771,114.54,0.644,140.416,0.506,162.774,0.516,188.966,0.653,26,15.599,1.458,2.995652715
11,IV12,0.4,405.814,1005,0.132,132.66,0.132,88.558,0.924,121.676,0.571,145.554,0.504,168.148,0.528,195.371,0.653,32,16.115,1.474,2.995652715
11,IV12,0.5,412.732,1015,0.132,133.98,0.132,91.569,1.13,131.887,0.593,154.432,0.471,175.965,0.526,202.848,0.63,37,14.242,1.495,2.995652715
11,IV12,0.6,419.308,1034,0.132,136.488,0.132,87.368,1.248,137.849,0.762,167.635,0.542,190.536,0.509,214.545,0.558,37,8.502,1.496,2.995652715
11,IV12,0.7,424.712,1062,0.132,140.184,0.132,78.284,1.249,134.816,0.926,175.198,0.709,205.692,0.59,231.365,0.539,21,1.443,1.495,2.995652715
11,IV12,0.8,429.616,1106,0.132,145.992,0.132,68.284,1.172,124.761,0.985,170.962,0.83,208.884,0.708,240.519,0.618,0,0,0,2.995652715
11,IV12,0.9,434.584,1097,0.132,144.804,0.132,59.499,1.07,112.45,0.963,159.217,0.864,200.322,0.775,236.359,0.695,0,0,0,2.995652715
11,IV12,1,446.776,1074,0.132,141.768,0.132,52.638,0.977,101.288,0.911,146.031,0.847,186.989,0.785,224.308,0.726,0,0,0,2.995652715
11,IV14,0.1,353.469,653,0.192,125.376,0.192,63.333,0.645,108.951,0.979,142.55,0.773,177.659,0.769,221.985,0.727,22,14.222,1.359,2.724266449
11,IV14,0.2,354.475,655,0.192,125.76,0.192,65.324,0.667,109.269,0.966,143.915,0.756,179.177,0.805,222.615,0.764,23,14.382,1.353,2.724266449
11,IV14,0.3,357.806,662,0.192,127.104,0.192,71.236,0.752,111.203,0.91,147.434,0.751,183.156,0.841,224.93,0.805,27,14.882,1.327,2.724266449
11,IV14,0.4,362.792,670,0.192,128.64,0.192,79.17,0.947,117.556,0.8,152.672,0.773,189.469,0.844,229.22,0.812,34,15.454,1.345,2.724266449
11,IV14,0.5,412.414,901,0.192,172.992,0.192,82.579,1.157,127.21,0.804,161.399,0.754,196.661,0.805,233.653,0.789,43,14.375,1.351,2.724266449
11,IV14,0.6,415.551,911,0.192,174.912,0.192,79.955,1.276,133.461,0.939,172.871,0.79,207.282,0.752,240.334,0.73,48,10.32,1.362,2.724266449
11,IV14,0.7,414.95,899,0.192,172.608,0.192,74.157,1.29,132.427,1.055,178.748,0.89,217.052,0.783,250.088,0.708,44,4.589,1.359,2.724266449
11,IV14,0.8,413.05,886,0.192,170.112,0.192,67.89,1.244,126.196,1.092,175.945,0.959,218.365,0.846,254.596,0.751,16,0.359,1.362,2.724266449
11,IV14,0.9,422.16,923,0.192,177.216,0.192,61.543,1.167,116.808,1.064,166.042,0.966,209.577,0.874,247.784,0.788,0,0,0,2.724266449
11,IV14,1,445.762,1001,0.192,192.192,0.192,54.3,1.064,104.488,0.996,150.622,0.929,192.786,0.863,231.09,0.8,0,0,0,2.724266449
26,GP07,0.1,362.242,444,0.96,426.24,0.96,100.577,2.262,166.07,2.043,224.667,1.863,275.729,1.753,317.024,1.571,260,101.892,1.686,3.374564918
26,GP07,0.2,366.391,499,0.96,479.04,0.96,100.787,2.243,166.402,2.028,225.009,1.862,276.036,1.749,317.435,1.57,260,102.102,1.684,3.374564918
26,GP07,0.3,366.727,503,0.96,482.88,0.96,101.482,2.221,167.203,2.004,225.724,1.866,276.663,1.745,318.247,1.566,260,102.662,1.685,3.374564918
26,GP07,0.4,367.681,509,0.96,488.64,0.96,102.863,2.246,168.927,1.977,226.841,1.872,277.807,1.744,319.392,1.559,260,103.799,1.686,3.374564918
26,GP07,0.5,370.01,520,0.96,499.2,0.96,104.016,2.327,172.739,1.97,229.419,1.855,279.762,1.738,320.97,1.55,258,105.646,1.686,3.374564918
26,GP07,0.6,373.578,521,0.96,500.16,0.96,103.263,2.411,177.41,2.034,235.211,1.839,283.552,1.697,322.616,1.524,243,109.013,1.687,3.374564918
26,GP07,0.7,377.34,530,0.96,508.8,0.96,100.558,2.448,179.168,2.118,240.553,1.868,288.646,1.667,325.332,1.483,233,114.185,1.686,3.374564918
26,GP07,0.8,382.162,542,0.96,520.32,0.96,96.301,2.425,175.587,2.151,239.296,1.905,289.088,1.686,326.475,1.491,239,114.543,1.686,3.374564918
26,GP07,0.9,390.658,583,0.96,559.68,0.96,88.609,2.331,164.19,2.117,227.188,1.912,278.267,1.719,318.249,1.542,250,103.856,1.686,3.374564918
26,GP07,1,400.489,692,0.96,664.32,0.96,75.86,2.152,142.8,2.004,200.958,1.86,250.573,1.72,291.988,1.586,254,76.225,1.686,3.374564918
26,IV19,0.1,149.302,431,1.572,677.532,1.572,59.86,2.096,89.883,1.928,110.83,1.915,126.86,1.79,139.885,1.774,36,28.104,2.115,4.231889306
26,IV19,0.2,150.051,430,1.572,675.96,1.572,61.027,2.072,90.622,1.938,111.58,1.913,127.666,1.791,140.66,1.773,39,29.487,2.104,4.231889306
26,IV19,0.3,152.082,424,1.572,666.528,1.572,64.874,2.041,92.483,1.962,113.656,1.903,129.849,1.796,142.747,1.768,45,33.034,2.114,4.231889306
26,IV19,0.4,155.54,415,1.572,652.38,1.572,71.224,2.108,96.258,1.941,117.08,1.893,133.507,1.807,146.223,1.756,59,38.6,2.108,4.231889306
26,IV19,0.5,159.59,411,1.572,646.092,1.572,75.508,2.289,103.636,1.908,121.808,1.858,137.663,1.813,150.256,1.748,76,44.043,2.112,4.231889306
26,IV19,0.6,163.162,415,1.572,652.38,1.572,74.404,2.444,110.986,1.995,130.322,1.83,143.791,1.772,154.361,1.722,98,47.217,2.111,4.231889306
26,IV19,0.7,166.851,400,1.572,628.8,1.572,68.749,2.494,112.1,2.13,137.856,1.9,152.957,1.764,161.719,1.68,123,46.834,2.111,4.231889306
26,IV19,0.8,174.338,393,1.572,617.796,1.572,60.871,2.452,105.68,2.201,136.767,1.994,156.87,1.832,168.497,1.709,143,41.286,2.113,4.231889306
26,IV19,0.9,179.123,444,1.572,697.968,1.572,51.619,2.35,93.202,2.187,125.373,2.037,149.009,1.902,165.107,1.785,147,28.836,2.115,4.231889306
26,IV19,1,175.931,527,1.572,828.444,1.572,41.384,2.212,76.687,2.112,106.065,2.015,129.763,1.923,148.099,1.836,117,11.423,2.115,4.231889306
26,GP01,0.1,270.142,417,0.936,390.312,0.936,89.181,1.78,135.91,1.866,184.348,1.675,224.757,1.571,252.671,1.267,19,18.506,2.338,4.766024427
26,GP01,0.2,272.057,425,0.936,397.8,0.936,90.68,1.746,137.595,1.843,186.023,1.662,226.411,1.566,254.436,1.269,22,20.355,2.355,4.766024427
26,GP01,0.3,275.943,441,0.936,412.776,0.936,95.229,1.684,141.096,1.804,189.477,1.661,229.803,1.553,258.047,1.273,27,23.552,2.378,4.766024427
26,GP01,0.4,281.5,459,0.936,429.624,0.936,103.202,1.775,147.278,1.717,194.392,1.681,234.953,1.537,263.189,1.279,34,25.978,2.364,4.766024427
26,GP01,0.5,288.935,462,0.936,432.432,0.936,109.915,2.046,159.335,1.647,201.805,1.638,241.075,1.523,269.235,1.287,43,26.405,2.368,4.766024427
26,GP01,0.6,296.918,455,0.936,425.88,0.936,110.533,2.296,172.714,1.754,215.053,1.565,249.155,1.444,274.637,1.277,53,24.075,2.382,4.766024427
26,GP01,0.7,303.729,459,0.936,429.624,0.936,105.583,2.398,177.674,1.924,226.659,1.613,260.353,1.4,282.801,1.232,61,18.764,2.379,4.766024427
26,GP01,0.8,314.324,461,0.936,431.496,0.936,97.056,2.364,171.448,2.009,226.297,1.711,264.961,1.467,290.467,1.27,56,10.286,2.383,4.766024427
26,GP01,0.9,328.267,519,0.936,485.784,0.936,84.901,2.229,154.87,1.986,210.779,1.761,253.818,1.557,285.369,1.377,23,1.065,2.38,4.766024427
26,GP01,1,338.625,642,0.936,600.912,0.936,69.528,2.021,129.94,1.87,181.469,1.725,224.478,1.587,259.452,1.457,0,0,0,4.766024427
16,IV18,0.1,657.374,598,0.6,358.8,0.6,82.136,1.329,159.908,2.611,278.012,2.458,385.258,2.195,467.487,1.77,27,19.501,1.762,3.56448835
16,IV18,0.2,658.216,600,0.6,360,0.6,82.576,1.331,160.958,2.596,279.271,2.465,386.376,2.203,468.623,1.785,28,20.648,1.78,3.56448835
16,IV18,0.3,659.422,604,0.6,362.4,0.6,84.769,1.364,163.362,2.529,281.895,2.493,388.606,2.205,471.308,1.825,31,22.198,1.778,3.56448835
16,IV18,0.4,661.425,609,0.6,365.4,0.6,90.757,1.548,169.456,2.383,285.954,2.533,392.754,2.199,477.089,1.868,39,23.234,1.763,3.56448835
16,IV18,0.5,664.228,613,0.6,367.8,0.6,97.889,1.891,182.719,2.244,291.434,2.474,398.01,2.235,484.954,1.882,317,131.087,1.782,3.56448835
16,IV18,0.6,663.229,610,0.6,366,0.6,101.362,2.166,196.485,2.249,299.334,2.343,400.59,2.197,487.079,1.88,315,133.098,1.782,3.56448835
16,IV18,0.7,658.395,599,0.6,359.4,0.6,104.255,2.297,205.293,2.279,305.213,2.239,399.546,2.091,481.703,1.843,312,127.359,1.781,3.56448835
16,IV18,0.8,656.612,634,0.6,380.4,0.6,109.612,2.371,212.496,2.262,308.479,2.136,395.623,1.967,471.321,1.757,293,116.757,1.78,3.56448835
16,IV18,0.9,861.622,1424,0.6,854.4,0.6,111.316,2.374,212.615,2.208,303.827,2.037,384.544,1.858,454.29,1.672,264,101.668,1.781,3.56448835
16,IV18,1,865.361,1424,0.6,854.4,0.6,101.717,2.225,194.773,2.081,279.195,1.938,354.994,1.794,422.237,1.653,244,71.274,1.782,3.56448835
16,GP03,0.1,319.084,725,0.3,217.5,0.3,65.165,0.975,97.95,0.815,123.574,0.722,153.122,0.583,173.316,0.676,24,12.762,1.265,2.55644402
16,GP03,0.2,319.713,729,0.3,218.7,0.3,65.756,0.956,98.642,0.809,124.542,0.746,153.793,0.61,173.885,0.677,27,13.677,1.257,2.55644402
16,GP03,0.3,348.243,873,0.3,261.9,0.3,67.819,0.928,100.009,0.791,126.685,0.769,155.031,0.652,175.3,0.659,31,15.369,1.274,2.55644402
16,GP03,0.4,350.462,885,0.3,265.5,0.3,71.394,0.97,102.501,0.76,129.653,0.769,156.768,0.685,177.522,0.629,37,16.781,1.278,2.55644402
16,GP03,0.5,353.025,910,0.3,273,0.3,73.765,1.092,107.953,0.751,133.737,0.731,158.855,0.687,179.985,0.628,45,16.685,1.268,2.55644402
16,GP03,0.6,355.674,935,0.3,280.5,0.3,72.604,1.207,113.757,0.829,140.474,0.695,162.681,0.651,183.246,0.641,52,14.256,1.272,2.55644402
16,GP03,0.7,357.741,957,0.3,287.1,0.3,67.5,1.239,113.903,0.938,145.985,0.756,170.251,0.668,191.314,0.644,53,8.976,1.275,2.55644402
16,GP03,0.8,359.862,1002,0.3,300.6,0.3,59.908,1.196,107.67,1.008,145.428,0.863,175.83,0.761,201.402,0.699,36,2.269,1.276,2.55644402
16,GP03,0.9,362.664,1074,0.3,322.2,0.3,53.036,1.129,99.371,1.021,139.552,0.924,174.346,0.841,204.589,0.772,0,0,0,2.55644402
16,GP03,1,371.014,1102,0.3,330.6,0.3,47.683,1.061,91.202,0.992,130.682,0.926,166.31,0.864,198.311,0.805,0,0,0,2.55644402
16,IV17,0.1,597.184,630,0.36,226.8,0.36,93.96,1.313,132.742,1.06,168.201,1.043,204.107,0.767,240.601,1.59,19,17.158,1.973,3.969557837
16,IV17,0.2,598.255,636,0.36,228.96,0.36,95.107,1.253,134.388,1.009,170.055,1.032,205.698,0.768,242.695,1.596,21,18.096,1.958,3.969557837
16,IV17,0.3,607.047,727,0.36,261.72,0.36,98.912,1.169,137.288,0.96,173.439,1.019,207.926,0.776,247.196,1.603,25,19.942,1.967,3.969557837
16,IV17,0.4,624.886,865,0.36,311.4,0.36,105.14,1.218,142.249,0.92,177.668,0.974,210.187,0.832,255.154,1.6,30,21.117,1.984,3.969557837
16,IV17,0.5,629.082,882,0.36,317.52,0.36,109.567,1.44,152.358,0.887,182.471,0.866,214.638,0.964,267.599,1.6,36,19.51,1.966,3.969557837
16,IV17,0.6,639.899,1154,0.36,415.44,0.36,106.62,1.617,159.77,0.992,191.706,0.865,227.099,1.079,284.431,1.563,38,13.628,1.971,3.969557837
16,IV17,0.7,645.843,1140,0.36,410.4,0.36,94.127,1.654,158.062,1.253,206.117,1.118,253.683,1.218,312.255,1.456,24,2.932,1.984,3.969557837
16,IV17,0.8,651.326,918,0.36,330.48,0.36,82.686,1.636,153.781,1.471,217.312,1.384,278.012,1.371,339.447,1.399,0,0,0,3.969557837
16,IV17,0.9,661.077,1002,0.36,360.72,0.36,80.665,1.654,155.227,1.557,224.499,1.477,289.413,1.411,350.608,1.351,0,0,0,3.969557837
16,IV17,1,675.192,1065,0.36,383.4,0.36,79.93,1.648,154.465,1.56,223.761,1.474,288.002,1.391,347.316,1.309,0,0,0,3.969557837
16,GP06,0.1,502.221,767,0.468,358.956,0.468,79.402,1.27,119.285,1.327,173.286,1.477,242.18,1.583,310.749,1.434,22,16.751,1.706,3.50376106
16,GP06,0.2,502.572,767,0.468,358.956,0.468,80.343,1.219,120.296,1.294,174.441,1.484,243.215,1.606,311.608,1.457,23,17.578,1.743,3.50376106
16,GP06,0.3,536.733,915,0.468,428.22,0.468,83.363,1.151,122.667,1.25,176.989,1.498,245.537,1.637,313.48,1.476,27,19.262,1.747,3.50376106
16,GP06,0.4,540.637,938,0.468,438.984,0.468,88.549,1.206,127.094,1.195,180.706,1.508,248.999,1.644,316.24,1.487,33,20.419,1.736,3.50376106
16,GP06,0.5,545.503,950,0.468,444.6,0.468,92.123,1.411,136.413,1.177,187.203,1.459,253.016,1.616,319.602,1.508,40,19.061,1.734,3.50376106
16,GP06,0.6,549.345,965,0.468,451.62,0.468,90.379,1.621,147.558,1.32,200.101,1.399,260.12,1.517,323.03,1.491,47,14.316,1.747,3.50376106
16,GP06,0.7,551.45,1000,0.468,468,0.468,85.173,1.724,153.112,1.513,213.397,1.452,272.178,1.443,329.677,1.401,54,8.249,1.749,3.50376106
16,GP06,0.8,553.611,1055,0.468,493.74,0.468,81.935,1.752,154.5,1.614,219.937,1.512,279.868,1.425,334.521,1.333,60,4.902,1.75,3.50376106
16,GP06,0.9,558.788,1059,0.468,495.612,0.468,80.362,1.747,153.334,1.627,219.375,1.515,278.85,1.407,331.88,1.3,57,3.342,1.751,3.50376106
16,GP06,1,575.018,1067,0.468,499.356,0.468,75.683,1.68,145.262,1.579,208.843,1.48,266.535,1.383,318.431,1.287,18,0.24,1.75,3.50376106
16,GP05,0.1,328.016,655,0.492,322.26,0.492,75.548,1.251,114.278,1.085,145.07,0.877,168.847,0.872,198.395,1.009,22,16.651,1.68,3.415012414
16,GP05,0.2,335.688,748,0.492,368.016,0.492,76.546,1.219,115.195,1.084,145.915,0.887,169.623,0.882,199.131,1.022,24,17.352,1.662,3.415012414
16,GP05,0.3,343.293,867,0.492,426.564,0.492,79.864,1.169,117.247,1.083,147.839,0.904,171.561,0.898,201.044,1.037,27,18.911,1.706,3.415012414
16,GP05,0.4,345.841,869,0.492,427.548,0.492,85.597,1.223,121.082,1.042,150.843,0.921,175.245,0.912,204.283,1.022,34,20.356,1.688,3.415012414
16,GP05,0.5,349.304,869,0.492,427.548,0.492,89.916,1.407,128.496,0.99,155.261,0.906,180.155,0.925,208.751,1.008,42,20.132,1.69,3.415012414
16,GP05,0.6,352.522,873,0.492,429.516,0.492,88.618,1.562,135.336,1.065,163.274,0.896,187.337,0.91,214.845,0.989,48,16.699,1.7,3.415012414
16,GP05,0.7,356.401,887,0.492,436.404,0.492,81.323,1.604,135.358,1.222,171.728,1.009,199.932,0.937,226.609,0.943,47,9.17,1.7,3.415012414
16,GP05,0.8,360.628,902,0.492,443.784,0.492,71.978,1.563,128.761,1.33,173.279,1.154,209.069,1.036,239.254,0.962,27,1.58,1.704,3.415012414
16,GP05,0.9,365.182,911,0.492,448.212,0.492,64.222,1.49,119.648,1.348,166.996,1.221,207.246,1.111,241.404,1.017,0,0,0,3.415012414
16,GP05,1,376.43,943,0.492,463.956,0.492,57.043,1.397,108.429,1.304,154.325,1.214,194.975,1.129,230.666,1.048,0,0,0,3.415012414
16,IV16,0.1,1165.102,911,0.456,415.416,0.456,71.678,1.207,142.655,2.165,243.364,2.049,325.921,1.337,419.262,1.824,10,10.976,2.414,5.196602191
16,IV16,0.2,1168.458,911,0.456,415.416,0.456,74.836,1.188,146.301,2.145,247.379,2.065,329.856,1.454,422.509,1.896,11,11.39,2.516,5.196602191
16,IV16,0.3,1174.955,910,0.456,414.96,0.456,83.482,1.087,153.086,2.1,254.746,2.073,337.639,1.638,428.285,1.971,14,11.795,2.53,5.196602191
16,IV16,0.4,1184.605,915,0.456,417.24,0.456,98.266,1.208,163.571,1.975,262.708,2.066,348.419,1.781,436.244,1.959,17,10.777,2.579,5.196602191
16,IV16,0.5,1197.37,931,0.456,424.536,0.456,111.913,1.638,182.163,1.785,270.807,1.989,359.325,1.885,446.844,1.936,20,7.218,2.562,5.196602191
16,IV16,0.6,1209.304,949,0.456,432.744,0.456,116.678,2.013,200.814,1.806,283.382,1.86,368.704,1.896,457.026,1.956,17,2.484,2.59,5.196602191
16,IV16,0.7,1216.6,981,0.456,447.336,0.456,113.743,2.167,208.838,1.956,296.235,1.887,381.786,1.885,468.51,1.918,0,0,0,5.196602191
16,IV16,0.8,1221.351,1046,0.456,476.976,0.456,108.445,2.184,208.052,2.061,301.811,1.985,392.114,1.944,480.758,1.926,0,0,0,5.196602191
16,IV16,0.9,1237.053,1170,0.456,533.52,0.456,106.154,2.188,207.957,2.121,306.047,2.064,400.97,2.015,493.123,1.971,0,0,0,5.196602191
16,IV16,1,1244.998,1206,0.456,549.936,0.456,109.437,2.245,214.576,2.174,315.524,2.105,412.347,2.037,505.059,1.968,0,0,0,5.196602191
26,IV15,0.1,314.064,492,0.972,478.224,0.972,93.578,2.05,148.93,1.731,182.997,1.648,220.316,1.62,254.688,1.549,22,20.488,2.254,4.564627653
26,IV15,0.2,315.187,493,0.972,479.196,0.972,94.864,2.019,150.124,1.719,184.494,1.615,221.818,1.606,256.438,1.556,26,22.449,2.257,4.564627653
26,IV15,0.3,317.719,496,0.972,482.112,0.972,99.356,1.957,152.62,1.706,187.935,1.572,224.921,1.588,260.169,1.569,33,26.499,2.277,4.564627653
26,IV15,0.4,321.473,498,0.972,484.056,0.972,106.853,2.007,156.569,1.666,192.928,1.559,229.123,1.581,265.269,1.574,43,31.015,2.272,4.564627653
26,IV15,0.5,326.047,499,0.972,485.028,0.972,111.764,2.184,163.939,1.633,199.191,1.54,234.409,1.576,270.565,1.561,54,33.536,2.268,4.564627653
26,IV15,0.6,330.957,512,0.972,497.664,0.972,110.212,2.344,171.89,1.75,210.603,1.542,243.87,1.523,276.537,1.499,64,31.679,2.277,4.564627653
26,IV15,0.7,335.541,554,0.972,538.488,0.972,103.174,2.406,173.936,1.942,222.421,1.656,258.325,1.505,287.105,1.404,73,25.293,2.282,4.564627653
26,IV15,0.8,342.717,573,0.972,556.956,0.972,94.107,2.368,167.587,2.045,223.448,1.78,265.264,1.573,296.044,1.408,74,16.045,2.282,4.564627653
26,IV15,0.9,354.476,607,0.972,590.004,0.972,83.395,2.252,153.307,2.032,210.534,1.829,256.197,1.646,291.512,1.484,51,4.933,2.282,4.564627653
26,IV15,1,365.21,718,0.972,697.896,0.972,70,2.07,131.479,1.929,184.641,1.793,229.81,1.663,267.399,1.54,0,0,0,4.564627653